Object ID,Total Distance,Displacement,Speed,Up Movements,Down Movements,Status,Line Data
2,57,17,0.9622173646883858,11,12,Motile,"[((1146, 520), (1146, 519)), ((1146, 519), (1145, 519)), ((1145, 519), (1146, 518)), ((1146, 518), (1146, 517)), ((1146, 517), (1147, 520)), ((1147, 520), (1147, 520)), ((1147, 520), (1146, 517)), ((1146, 517), (1146, 516)), ((1146, 516), (1145, 518)), ((1145, 518), (1145, 518)), ((1145, 518), (1147, 517)), ((1147, 517), (1146, 517)), ((1146, 517), (1146, 516)), ((1146, 516), (1146, 516)), ((1146, 516), (1146, 515)), ((1146, 515), (1146, 515)), ((1146, 515), (1146, 513)), ((1146, 513), (1146, 516)), ((1146, 516), (1146, 516)), ((1146, 516), (1145, 524)), ((1145, 524), (1145, 525)), ((1145, 525), (1146, 528)), ((1146, 528), (1146, 529)), ((1146, 529), (1147, 531)), ((1147, 531), (1147, 532)), ((1147, 532), (1150, 538)), ((1150, 538), (1150, 539)), ((1150, 539), (1146, 539)), ((1146, 539), (1146, 537)), ((1146, 537), (1145, 537))]"
4,83,47,1.3911426719614859,27,6,Motile,"[((1118, 854), (1118, 852)), ((1118, 852), (1118, 852)), ((1118, 852), (1117, 858)), ((1117, 858), (1118, 855)), ((1118, 855), (1119, 851)), ((1119, 851), (1119, 851)), ((1119, 851), (1119, 849)), ((1119, 849), (1119, 850)), ((1119, 850), (1121, 849)), ((1121, 849), (1121, 849)), ((1121, 849), (1120, 848)), ((1120, 848), (1119, 848)), ((1119, 848), (1121, 848)), ((1121, 848), (1121, 846)), ((1121, 846), (1120, 844)), ((1120, 844), (1119, 841)), ((1119, 841), (1120, 845)), ((1120, 845), (1120, 844)), ((1120, 844), (1121, 840)), ((1121, 840), (1119, 840)), ((1119, 840), (1119, 840)), ((1119, 840), (1118, 839)), ((1118, 839), (1118, 839)), ((1118, 839), (1118, 837)), ((1118, 837), (1119, 837)), ((1119, 837), (1120, 836)), ((1120, 836), (1120, 834)), ((1120, 834), (1120, 835)), ((1120, 835), (1120, 837)), ((1120, 837), (1120, 836)), ((1120, 836), (1120, 830)), ((1120, 830), (1120, 830)), ((1120, 830), (1122, 827)), ((1122, 827), (1122, 827)), ((1122, 827), (1122, 810)), ((1122, 810), (1122, 808)), ((1122, 808), (1124, 807))]"
8,68,3,1.1426842787390519,13,13,Motile,"[((1146, 520), (1146, 519)), ((1146, 519), (1145, 520)), ((1145, 520), (1146, 518)), ((1146, 518), (1146, 517)), ((1146, 517), (1147, 520)), ((1147, 520), (1147, 520)), ((1147, 520), (1146, 517)), ((1146, 517), (1146, 516)), ((1146, 516), (1145, 518)), ((1145, 518), (1145, 518)), ((1145, 518), (1147, 517)), ((1147, 517), (1146, 517)), ((1146, 517), (1146, 517)), ((1146, 517), (1146, 516)), ((1146, 516), (1146, 515)), ((1146, 515), (1146, 515)), ((1146, 515), (1146, 513)), ((1146, 513), (1146, 516)), ((1146, 516), (1146, 516)), ((1146, 516), (1145, 524)), ((1145, 524), (1145, 525)), ((1145, 525), (1146, 528)), ((1146, 528), (1146, 529)), ((1146, 529), (1147, 531)), ((1147, 531), (1147, 532)), ((1147, 532), (1150, 538)), ((1150, 538), (1150, 539)), ((1150, 539), (1144, 523)), ((1144, 523), (1144, 522))]"
10,133,128,2.227335616463409,2,11,Motile,"[((1136, 766), (1138, 766)), ((1138, 766), (1138, 766)), ((1138, 766), (1137, 766)), ((1137, 766), (1136, 769)), ((1136, 769), (1136, 769)), ((1136, 769), (1122, 802)), ((1122, 802), (1122, 804)), ((1122, 804), (1120, 831)), ((1120, 831), (1119, 835)), ((1119, 835), (1118, 838)), ((1118, 838), (1118, 842)), ((1118, 842), (1113, 889)), ((1113, 889), (1113, 892))]"
14,45,31,0.7623297908443607,15,5,Motile,"[((1081, 1384), (1081, 1382)), ((1081, 1382), (1081, 1383)), ((1081, 1383), (1081, 1384)), ((1081, 1384), (1082, 1380)), ((1082, 1380), (1082, 1376)), ((1082, 1376), (1083, 1377)), ((1083, 1377), (1082, 1376)), ((1082, 1376), (1082, 1376)), ((1082, 1376), (1082, 1377)), ((1082, 1377), (1082, 1376)), ((1082, 1376), (1082, 1375)), ((1082, 1375), (1082, 1377)), ((1082, 1377), (1083, 1376)), ((1083, 1376), (1083, 1376)), ((1083, 1376), (1083, 1375)), ((1083, 1375), (1083, 1374)), ((1083, 1374), (1082, 1374)), ((1082, 1374), (1083, 1374)), ((1083, 1374), (1083, 1374)), ((1083, 1374), (1084, 1367)), ((1084, 1367), (1084, 1366)), ((1084, 1366), (1084, 1365)), ((1084, 1365), (1085, 1353)), ((1085, 1353), (1085, 1353))]"
15,13,11,0.23233719096342048,7,1,Motile,"[((1078, 1326), (1078, 1325)), ((1078, 1325), (1080, 1323)), ((1080, 1323), (1081, 1323)), ((1081, 1323), (1081, 1323)), ((1081, 1323), (1081, 1323)), ((1081, 1323), (1082, 1323)), ((1082, 1323), (1083, 1322)), ((1083, 1322), (1083, 1322)), ((1083, 1322), (1082, 1322)), ((1082, 1322), (1083, 1322)), ((1083, 1322), (1084, 1316)), ((1084, 1316), (1084, 1316))]"
16,100,46,1.6795471517837643,29,5,Motile,"[((1118, 854), (1118, 852)), ((1118, 852), (1118, 852)), ((1118, 852), (1117, 858)), ((1117, 858), (1118, 855)), ((1118, 855), (1119, 852)), ((1119, 852), (1119, 852)), ((1119, 852), (1119, 850)), ((1119, 850), (1119, 850)), ((1119, 850), (1121, 849)), ((1121, 849), (1121, 849)), ((1121, 849), (1120, 848)), ((1120, 848), (1119, 848)), ((1119, 848), (1121, 847)), ((1121, 847), (1120, 846)), ((1120, 846), (1120, 844)), ((1120, 844), (1119, 841)), ((1119, 841), (1120, 845)), ((1120, 845), (1119, 844)), ((1119, 844), (1120, 836)), ((1120, 836), (1118, 828)), ((1118, 828), (1118, 826)), ((1118, 826), (1119, 824)), ((1119, 824), (1120, 832)), ((1120, 832), (1118, 830)), ((1118, 830), (1118, 829)), ((1118, 829), (1121, 825)), ((1121, 825), (1121, 821)), ((1121, 821), (1121, 819)), ((1121, 819), (1123, 821)), ((1123, 821), (1122, 823)), ((1122, 823), (1122, 822)), ((1122, 822), (1125, 817)), ((1125, 817), (1125, 817)), ((1125, 817), (1124, 812)), ((1124, 812), (1124, 812)), ((1124, 812), (1123, 812)), ((1123, 812), (1123, 810)), ((1123, 810), (1123, 809)), ((1123, 809), (1124, 808))]"
17,48,23,0.8128822633167656,20,5,Motile,"[((1082, 1225), (1082, 1224)), ((1082, 1224), (1083, 1224)), ((1083, 1224), (1083, 1224)), ((1083, 1224), (1085, 1223)), ((1085, 1223), (1085, 1221)), ((1085, 1221), (1086, 1221)), ((1086, 1221), (1086, 1221)), ((1086, 1221), (1087, 1221)), ((1087, 1221), (1085, 1221)), ((1085, 1221), (1085, 1221)), ((1085, 1221), (1086, 1217)), ((1086, 1217), (1087, 1217)), ((1087, 1217), (1086, 1215)), ((1086, 1215), (1086, 1214)), ((1086, 1214), (1086, 1214)), ((1086, 1214), (1086, 1213)), ((1086, 1213), (1088, 1213)), ((1088, 1213), (1088, 1212)), ((1088, 1212), (1087, 1212)), ((1087, 1212), (1087, 1212)), ((1087, 1212), (1088, 1218)), ((1088, 1218), (1088, 1218)), ((1088, 1218), (1089, 1210)), ((1089, 1210), (1089, 1210)), ((1089, 1210), (1088, 1208)), ((1088, 1208), (1089, 1208)), ((1089, 1208), (1090, 1207)), ((1090, 1207), (1089, 1206)), ((1089, 1206), (1090, 1205)), ((1090, 1205), (1090, 1203)), ((1090, 1203), (1090, 1203))]"
24,45,29,0.7665425255876563,14,5,Motile,"[((1081, 1382), (1081, 1382)), ((1081, 1382), (1082, 1383)), ((1082, 1383), (1082, 1384)), ((1082, 1384), (1082, 1380)), ((1082, 1380), (1082, 1376)), ((1082, 1376), (1082, 1377)), ((1082, 1377), (1081, 1376)), ((1081, 1376), (1082, 1376)), ((1082, 1376), (1082, 1377)), ((1082, 1377), (1082, 1376)), ((1082, 1376), (1082, 1375)), ((1082, 1375), (1082, 1377)), ((1082, 1377), (1083, 1376)), ((1083, 1376), (1083, 1376)), ((1083, 1376), (1083, 1375)), ((1083, 1375), (1083, 1374)), ((1083, 1374), (1082, 1374)), ((1082, 1374), (1084, 1374)), ((1084, 1374), (1084, 1374)), ((1084, 1374), (1084, 1367)), ((1084, 1367), (1084, 1366)), ((1084, 1366), (1084, 1365)), ((1084, 1365), (1085, 1353)), ((1085, 1353), (1085, 1353))]"
25,15,10,0.25241799885552335,6,2,Motile,"[((1079, 1325), (1078, 1325)), ((1078, 1325), (1080, 1322)), ((1080, 1322), (1081, 1322)), ((1081, 1322), (1082, 1323)), ((1082, 1323), (1081, 1323)), ((1081, 1323), (1082, 1323)), ((1082, 1323), (1082, 1322)), ((1082, 1322), (1083, 1322)), ((1083, 1322), (1082, 1322)), ((1082, 1322), (1083, 1322)), ((1083, 1322), (1084, 1316)), ((1084, 1316), (1084, 1316))]"
27,69,34,1.1580341016391615,22,7,Motile,"[((1082, 1225), (1082, 1224)), ((1082, 1224), (1082, 1225)), ((1082, 1225), (1082, 1225)), ((1082, 1225), (1084, 1224)), ((1084, 1224), (1085, 1220)), ((1085, 1220), (1086, 1221)), ((1086, 1221), (1087, 1221)), ((1087, 1221), (1087, 1221)), ((1087, 1221), (1086, 1220)), ((1086, 1220), (1086, 1220)), ((1086, 1220), (1086, 1216)), ((1086, 1216), (1086, 1216)), ((1086, 1216), (1086, 1210)), ((1086, 1210), (1086, 1209)), ((1086, 1209), (1086, 1215)), ((1086, 1215), (1087, 1212)), ((1087, 1212), (1087, 1211)), ((1087, 1211), (1087, 1211)), ((1087, 1211), (1088, 1211)), ((1088, 1211), (1089, 1215)), ((1089, 1215), (1089, 1215)), ((1089, 1215), (1089, 1217)), ((1089, 1217), (1089, 1217)), ((1089, 1217), (1090, 1212)), ((1090, 1212), (1090, 1212)), ((1090, 1212), (1090, 1211)), ((1090, 1211), (1089, 1207)), ((1089, 1207), (1089, 1206)), ((1089, 1206), (1090, 1205)), ((1090, 1205), (1090, 1203)), ((1090, 1203), (1090, 1204)), ((1090, 1204), (1090, 1203)), ((1090, 1203), (1091, 1193)), ((1091, 1193), (1092, 1193)), ((1092, 1193), (1092, 1192))]"
28,83,41,1.3844335087514164,35,7,Motile,"[((1086, 1559), (1086, 1559)), ((1086, 1559), (1087, 1559)), ((1087, 1559), (1086, 1560)), ((1086, 1560), (1086, 1560)), ((1086, 1560), (1087, 1559)), ((1087, 1559), (1088, 1560)), ((1088, 1560), (1088, 1558)), ((1088, 1558), (1088, 1556)), ((1088, 1556), (1087, 1556)), ((1087, 1556), (1087, 1555)), ((1087, 1555), (1087, 1554)), ((1087, 1554), (1086, 1553)), ((1086, 1553), (1086, 1551)), ((1086, 1551), (1085, 1550)), ((1085, 1550), (1085, 1550)), ((1085, 1550), (1084, 1548)), ((1084, 1548), (1085, 1548)), ((1085, 1548), (1085, 1548)), ((1085, 1548), (1085, 1547)), ((1085, 1547), (1085, 1545)), ((1085, 1545), (1086, 1543)), ((1086, 1543), (1087, 1546)), ((1087, 1546), (1086, 1542)), ((1086, 1542), (1086, 1542)), ((1086, 1542), (1086, 1541)), ((1086, 1541), (1088, 1543)), ((1088, 1543), (1088, 1542)), ((1088, 1542), (1087, 1540)), ((1087, 1540), (1087, 1538)), ((1087, 1538), (1088, 1537)), ((1088, 1537), (1088, 1536)), ((1088, 1536), (1088, 1537)), ((1088, 1537), (1088, 1537)), ((1088, 1537), (1088, 1537)), ((1088, 1537), (1087, 1535)), ((1087, 1535), (1088, 1534)), ((1088, 1534), (1088, 1537)), ((1088, 1537), (1087, 1537)), ((1087, 1537), (1088, 1536)), ((1088, 1536), (1089, 1535)), ((1089, 1535), (1089, 1535)), ((1089, 1535), (1088, 1532)), ((1088, 1532), (1088, 1532)), ((1088, 1532), (1087, 1529)), ((1087, 1529), (1087, 1528)), ((1087, 1528), (1089, 1526)), ((1089, 1526), (1090, 1529)), ((1090, 1529), (1092, 1523)), ((1092, 1523), (1092, 1522)), ((1092, 1522), (1092, 1519)), ((1092, 1519), (1092, 1519)), ((1092, 1519), (1092, 1518))]"
29,91,235,1.5307804047224753,0,5,Motile,"[((1101, 1645), (1102, 1649)), ((1098, 1793), (1097, 1799)), ((1097, 1799), (1095, 1837)), ((1095, 1837), (1094, 1861)), ((1094, 1861), (1092, 1881))]"
32,41,60,0.6954011258574084,6,4,Motile,"[((1091, 1917), (1092, 1918)), ((1092, 1918), (1092, 1919)), ((1092, 1919), (1092, 1918)), ((1092, 1918), (1089, 1932)), ((1089, 1932), (1089, 1932)), ((1093, 1881), (1094, 1873)), ((1094, 1873), (1094, 1870)), ((1094, 1870), (1095, 1863)), ((1095, 1863), (1095, 1860)), ((1095, 1860), (1095, 1857))]"
35,8,0,0.13333333333333333,5,5,Motile,"[((1870, 2034), (1870, 2034)), ((1870, 2034), (1870, 2034)), ((1870, 2034), (1870, 2035)), ((1870, 2035), (1870, 2035)), ((1870, 2035), (1870, 2034)), ((1870, 2034), (1870, 2034)), ((1870, 2034), (1870, 2035)), ((1870, 2035), (1870, 2035)), ((1870, 2035), (1870, 2034)), ((1870, 2034), (1871, 2034)), ((1871, 2034), (1871, 2034)), ((1871, 2034), (1871, 2034)), ((1871, 2034), (1871, 2034)), ((1871, 2034), (1870, 2034)), ((1870, 2034), (1870, 2035)), ((1870, 2035), (1870, 2034)), ((1870, 2034), (1870, 2034)), ((1870, 2034), (1870, 2034)), ((1870, 2034), (1870, 2034)), ((1870, 2034), (1870, 2034)), ((1870, 2034), (1870, 2034)), ((1870, 2034), (1870, 2034)), ((1870, 2034), (1870, 2034)), ((1870, 2034), (1870, 2034)), ((1870, 2034), (1870, 2034)), ((1870, 2034), (1870, 2034)), ((1870, 2034), (1870, 2035)), ((1870, 2035), (1870, 2034)), ((1870, 2034), (1870, 2034)), ((1870, 2034), (1870, 2034)), ((1870, 2034), (1870, 2034)), ((1870, 2034), (1870, 2034)), ((1870, 2034), (1870, 2034)), ((1870, 2034), (1871, 2034)), ((1871, 2034), (1871, 2034)), ((1871, 2034), (1870, 2034)), ((1870, 2034), (1870, 2034)), ((1870, 2034), (1870, 2034)), ((1870, 2034), (1870, 2034)), ((1870, 2034), (1870, 2034)), ((1870, 2034), (1870, 2034)), ((1870, 2034), (1870, 2034)), ((1870, 2034), (1870, 2034)), ((1870, 2034), (1870, 2034)), ((1870, 2034), (1870, 2034)), ((1870, 2034), (1871, 2034)), ((1871, 2034), (1871, 2034)), ((1871, 2034), (1871, 2034)), ((1871, 2034), (1870, 2034)), ((1870, 2034), (1870, 2034)), ((1870, 2034), (1870, 2034)), ((1870, 2034), (1870, 2035)), ((1870, 2035), (1870, 2034)), ((1870, 2034), (1870, 2034)), ((1870, 2034), (1870, 2034)), ((1870, 2034), (1870, 2034)), ((1870, 2034), (1870, 2034))]"
36,19,0,0.32256836610416145,2,2,Motile,"[((1866, 2036), (1866, 2036)), ((1866, 2036), (1866, 2036)), ((1866, 2036), (1866, 2036)), ((1866, 2036), (1866, 2036)), ((1866, 2036), (1865, 2036)), ((1865, 2036), (1865, 2036)), ((1865, 2036), (1865, 2036)), ((1865, 2036), (1866, 2036)), ((1866, 2036), (1866, 2036)), ((1866, 2036), (1866, 2036)), ((1866, 2036), (1866, 2036)), ((1866, 2036), (1866, 2035)), ((1866, 2035), (1866, 2035)), ((1866, 2035), (1866, 2035)), ((1866, 2035), (1866, 2035)), ((1866, 2035), (1865, 2035)), ((1865, 2035), (1865, 2036)), ((1865, 2036), (1865, 2036)), ((1865, 2036), (1866, 2036)), ((1866, 2036), (1866, 2036)), ((1866, 2036), (1866, 2036)), ((1866, 2036), (1866, 2036)), ((1866, 2036), (1866, 2035)), ((1866, 2035), (1866, 2035)), ((1866, 2035), (1866, 2035)), ((1866, 2035), (1866, 2035)), ((1866, 2035), (1866, 2035)), ((1866, 2035), (1866, 2036)), ((1866, 2036), (1865, 2036)), ((1865, 2036), (1866, 2036)), ((1866, 2036), (1866, 2036)), ((1866, 2036), (1866, 2036)), ((1866, 2036), (1866, 2036)), ((1866, 2036), (1866, 2036)), ((1866, 2036), (1866, 2036)), ((1866, 2036), (1866, 2036)), ((1866, 2036), (1865, 2036)), ((1865, 2036), (1865, 2036)), ((1865, 2036), (1866, 2036)), ((1866, 2036), (1865, 2036)), ((1865, 2036), (1865, 2036)), ((1865, 2036), (1865, 2036)), ((1865, 2036), (1865, 2036)), ((1865, 2036), (1866, 2036)), ((1866, 2036), (1865, 2036)), ((1865, 2036), (1865, 2036)), ((1865, 2036), (1866, 2036)), ((1866, 2036), (1865, 2036)), ((1865, 2036), (1866, 2036)), ((1866, 2036), (1865, 2036)), ((1865, 2036), (1865, 2036)), ((1865, 2036), (1866, 2036)), ((1866, 2036), (1865, 2036)), ((1865, 2036), (1866, 2036)), ((1866, 2036), (1865, 2036)), ((1865, 2036), (1865, 2036)), ((1865, 2036), (1865, 2036))]"
37,25,1,0.4166666666666667,0,0,Motile,"[((1858, 2036), (1859, 2036)), ((1859, 2036), (1858, 2036)), ((1858, 2036), (1858, 2036)), ((1858, 2036), (1858, 2036)), ((1858, 2036), (1859, 2036)), ((1859, 2036), (1859, 2036)), ((1859, 2036), (1858, 2036)), ((1858, 2036), (1859, 2036)), ((1859, 2036), (1858, 2036)), ((1858, 2036), (1859, 2036)), ((1859, 2036), (1859, 2036)), ((1859, 2036), (1859, 2036)), ((1859, 2036), (1859, 2036)), ((1859, 2036), (1859, 2036)), ((1859, 2036), (1858, 2036)), ((1858, 2036), (1859, 2036)), ((1859, 2036), (1859, 2036)), ((1859, 2036), (1859, 2036)), ((1859, 2036), (1858, 2036)), ((1858, 2036), (1859, 2036)), ((1859, 2036), (1858, 2036)), ((1858, 2036), (1858, 2036)), ((1858, 2036), (1859, 2036)), ((1859, 2036), (1859, 2036)), ((1859, 2036), (1859, 2036)), ((1859, 2036), (1858, 2036)), ((1858, 2036), (1858, 2036)), ((1858, 2036), (1859, 2036)), ((1859, 2036), (1859, 2036)), ((1859, 2036), (1859, 2036)), ((1859, 2036), (1859, 2036)), ((1859, 2036), (1859, 2036)), ((1859, 2036), (1859, 2036)), ((1859, 2036), (1859, 2036)), ((1859, 2036), (1859, 2036)), ((1859, 2036), (1859, 2036)), ((1859, 2036), (1859, 2036)), ((1859, 2036), (1858, 2036)), ((1858, 2036), (1859, 2036)), ((1859, 2036), (1859, 2036)), ((1859, 2036), (1859, 2036)), ((1859, 2036), (1858, 2036)), ((1858, 2036), (1859, 2036)), ((1859, 2036), (1858, 2036)), ((1858, 2036), (1859, 2036)), ((1859, 2036), (1859, 2036)), ((1859, 2036), (1859, 2036)), ((1859, 2036), (1859, 2036)), ((1859, 2036), (1859, 2036)), ((1859, 2036), (1858, 2036)), ((1858, 2036), (1859, 2036)), ((1859, 2036), (1858, 2036)), ((1858, 2036), (1858, 2036)), ((1858, 2036), (1858, 2036)), ((1858, 2036), (1858, 2036)), ((1858, 2036), (1858, 2036)), ((1858, 2036), (1859, 2036))]"
42,121,28,2.026777197969312,26,10,Motile,"[((1151, 341), (1152, 337)), ((1152, 337), (1152, 339)), ((1152, 339), (1154, 334)), ((1154, 334), (1155, 330)), ((1155, 330), (1155, 329)), ((1155, 329), (1155, 342)), ((1155, 342), (1155, 345)), ((1155, 345), (1156, 354)), ((1156, 354), (1156, 356)), ((1156, 356), (1155, 355)), ((1155, 355), (1155, 357)), ((1155, 357), (1152, 354)), ((1152, 354), (1151, 348)), ((1151, 348), (1151, 349)), ((1151, 349), (1152, 343)), ((1152, 343), (1151, 339)), ((1151, 339), (1150, 336)), ((1150, 336), (1150, 335)), ((1150, 335), (1150, 336)), ((1150, 336), (1150, 335)), ((1150, 335), (1150, 331)), ((1150, 331), (1150, 329)), ((1150, 329), (1150, 329)), ((1150, 329), (1149, 329)), ((1149, 329), (1149, 327)), ((1149, 327), (1149, 323)), ((1149, 323), (1149, 322)), ((1149, 322), (1148, 329)), ((1148, 329), (1148, 328)), ((1148, 328), (1150, 333)), ((1150, 333), (1150, 333)), ((1150, 333), (1149, 321)), ((1149, 321), (1149, 321)), ((1149, 321), (1149, 319)), ((1149, 319), (1149, 319)), ((1149, 319), (1149, 318)), ((1149, 318), (1148, 317)), ((1148, 317), (1148, 316)), ((1148, 316), (1149, 313))]"
50,50,30,0.8429083653415427,24,5,Motile,"[((1102, 937), (1102, 937)), ((1102, 937), (1103, 936)), ((1103, 936), (1103, 935)), ((1103, 935), (1103, 934)), ((1103, 934), (1104, 936)), ((1104, 936), (1105, 936)), ((1105, 936), (1104, 934)), ((1104, 934), (1106, 934)), ((1106, 934), (1107, 933)), ((1107, 933), (1106, 934)), ((1106, 934), (1107, 934)), ((1107, 934), (1106, 932)), ((1106, 932), (1105, 930)), ((1105, 930), (1105, 929)), ((1105, 929), (1106, 931)), ((1106, 931), (1106, 930)), ((1106, 930), (1106, 929)), ((1106, 929), (1106, 929)), ((1106, 929), (1106, 926)), ((1106, 926), (1107, 925)), ((1107, 925), (1107, 924)), ((1107, 924), (1106, 924)), ((1106, 924), (1106, 923)), ((1106, 923), (1108, 920)), ((1108, 920), (1108, 920)), ((1108, 920), (1109, 917)), ((1109, 917), (1110, 917)), ((1110, 917), (1109, 915)), ((1109, 915), (1110, 914)), ((1110, 914), (1113, 912)), ((1113, 912), (1113, 913)), ((1113, 913), (1113, 910)), ((1113, 910), (1114, 910))]"
52,58,23,0.9740243323555526,20,10,Motile,"[((1094, 977), (1094, 974)), ((1094, 974), (1096, 975)), ((1096, 975), (1097, 975)), ((1097, 975), (1098, 977)), ((1098, 977), (1099, 976)), ((1099, 976), (1099, 974)), ((1099, 974), (1098, 972)), ((1098, 972), (1098, 972)), ((1098, 972), (1099, 970)), ((1099, 970), (1099, 974)), ((1099, 974), (1099, 975)), ((1099, 975), (1099, 975)), ((1099, 975), (1099, 976)), ((1099, 976), (1099, 976)), ((1099, 976), (1099, 974)), ((1099, 974), (1099, 972)), ((1099, 972), (1100, 972)), ((1100, 972), (1100, 970)), ((1100, 970), (1101, 969)), ((1101, 969), (1100, 968)), ((1100, 968), (1100, 968)), ((1100, 968), (1100, 967)), ((1100, 967), (1100, 966)), ((1100, 966), (1100, 966)), ((1100, 966), (1100, 966)), ((1100, 966), (1101, 971)), ((1101, 971), (1101, 971)), ((1101, 971), (1102, 959)), ((1102, 959), (1102, 958)), ((1102, 958), (1101, 955)), ((1101, 955), (1101, 954)), ((1101, 954), (1102, 955)), ((1102, 955), (1102, 955))]"
53,48,30,0.8074774848505561,23,5,Motile,"[((1102, 937), (1102, 937)), ((1102, 937), (1102, 936)), ((1102, 936), (1102, 934)), ((1102, 934), (1103, 933)), ((1103, 933), (1105, 935)), ((1105, 935), (1105, 934)), ((1105, 934), (1106, 933)), ((1106, 933), (1106, 933)), ((1106, 933), (1106, 934)), ((1106, 934), (1107, 934)), ((1107, 934), (1106, 932)), ((1106, 932), (1105, 930)), ((1105, 930), (1105, 929)), ((1105, 929), (1106, 931)), ((1106, 931), (1106, 930)), ((1106, 930), (1105, 930)), ((1105, 930), (1106, 930)), ((1106, 930), (1107, 926)), ((1107, 926), (1107, 925)), ((1107, 925), (1108, 924)), ((1108, 924), (1106, 924)), ((1106, 924), (1106, 923)), ((1106, 923), (1107, 920)), ((1107, 920), (1107, 920)), ((1107, 920), (1109, 917)), ((1109, 917), (1109, 917)), ((1109, 917), (1109, 915)), ((1109, 915), (1109, 914)), ((1109, 914), (1113, 912)), ((1113, 912), (1113, 913)), ((1113, 913), (1113, 910)), ((1113, 910), (1114, 910))]"
54,73,37,1.229702794723633,26,8,Motile,"[((1093, 977), (1094, 974)), ((1094, 974), (1096, 974)), ((1096, 974), (1097, 975)), ((1097, 975), (1098, 977)), ((1098, 977), (1098, 976)), ((1098, 976), (1099, 974)), ((1099, 974), (1098, 973)), ((1098, 973), (1099, 972)), ((1099, 972), (1099, 970)), ((1099, 970), (1099, 974)), ((1099, 974), (1099, 976)), ((1099, 976), (1099, 975)), ((1099, 975), (1100, 976)), ((1100, 976), (1099, 976)), ((1099, 976), (1099, 973)), ((1099, 973), (1099, 972)), ((1099, 972), (1099, 972)), ((1099, 972), (1100, 970)), ((1100, 970), (1101, 968)), ((1101, 968), (1101, 968)), ((1101, 968), (1100, 968)), ((1100, 968), (1100, 967)), ((1100, 967), (1100, 966)), ((1100, 966), (1100, 966)), ((1100, 966), (1100, 966)), ((1100, 966), (1101, 971)), ((1101, 971), (1101, 971)), ((1101, 971), (1102, 956)), ((1102, 956), (1102, 955)), ((1102, 955), (1102, 955)), ((1102, 955), (1102, 955)), ((1102, 955), (1104, 951)), ((1104, 951), (1104, 950)), ((1104, 950), (1104, 950)), ((1104, 950), (1104, 947)), ((1104, 947), (1105, 945)), ((1105, 945), (1105, 944)), ((1105, 944), (1105, 943)), ((1105, 943), (1106, 942)), ((1106, 942), (1106, 941))]"
56,25,105,0.41958826098065194,0,6,Motile,"[((1101, 1709), (1102, 1711)), ((1102, 1711), (1098, 1725)), ((1098, 1725), (1098, 1727)), ((1096, 1808), (1096, 1810)), ((1096, 1810), (1094, 1811)), ((1094, 1811), (1094, 1814))]"
57,53,16,0.8945977648986836,15,7,Motile,"[((1099, 1626), (1099, 1624)), ((1099, 1624), (1099, 1621)), ((1099, 1621), (1099, 1620)), ((1099, 1620), (1099, 1618)), ((1099, 1618), (1096, 1615)), ((1096, 1615), (1096, 1613)), ((1096, 1613), (1097, 1616)), ((1097, 1616), (1096, 1619)), ((1096, 1619), (1097, 1619)), ((1097, 1619), (1100, 1624)), ((1100, 1624), (1100, 1626)), ((1100, 1626), (1099, 1628)), ((1099, 1628), (1101, 1626)), ((1101, 1626), (1101, 1624)), ((1101, 1624), (1101, 1625)), ((1101, 1625), (1100, 1624)), ((1100, 1624), (1101, 1624)), ((1101, 1624), (1100, 1624)), ((1100, 1624), (1099, 1623)), ((1099, 1623), (1099, 1623)), ((1099, 1623), (1099, 1621)), ((1099, 1621), (1099, 1619)), ((1099, 1619), (1099, 1618)), ((1099, 1618), (1099, 1610)), ((1099, 1610), (1099, 1610))]"
65,63,26,1.0600644457231416,4,5,Motile,"[((1093, 1047), (1094, 1047)), ((1094, 1047), (1094, 1079)), ((1094, 1079), (1094, 1081)), ((1094, 1081), (1089, 1083)), ((1089, 1083), (1088, 1083)), ((1088, 1083), (1090, 1070)), ((1090, 1070), (1090, 1069)), ((1090, 1069), (1090, 1070)), ((1090, 1070), (1090, 1068)), ((1090, 1068), (1090, 1068)), ((1090, 1068), (1090, 1073)), ((1090, 1073), (1090, 1073))]"
83,63,20,1.06305574682876,21,7,Motile,"[((1093, 1820), (1093, 1819)), ((1093, 1819), (1094, 1818)), ((1094, 1818), (1093, 1817)), ((1093, 1817), (1094, 1819)), ((1094, 1819), (1094, 1816)), ((1094, 1816), (1094, 1816)), ((1094, 1816), (1094, 1814)), ((1094, 1814), (1094, 1810)), ((1094, 1810), (1094, 1812)), ((1094, 1812), (1094, 1812)), ((1094, 1812), (1094, 1811)), ((1094, 1811), (1094, 1813)), ((1094, 1813), (1096, 1810)), ((1096, 1810), (1096, 1809)), ((1096, 1809), (1095, 1811)), ((1095, 1811), (1096, 1809)), ((1096, 1809), (1095, 1807)), ((1095, 1807), (1095, 1806)), ((1095, 1806), (1095, 1810)), ((1095, 1810), (1094, 1809)), ((1094, 1809), (1094, 1808)), ((1094, 1808), (1097, 1803)), ((1097, 1803), (1097, 1803)), ((1097, 1803), (1097, 1800)), ((1097, 1800), (1097, 1796)), ((1097, 1796), (1097, 1795)), ((1097, 1795), (1097, 1797)), ((1097, 1797), (1097, 1796)), ((1097, 1796), (1096, 1803)), ((1096, 1803), (1096, 1803)), ((1096, 1803), (1097, 1800)), ((1097, 1800), (1097, 1799))]"
84,72,35,1.2092828254783838,14,8,Motile,"[((1100, 1655), (1101, 1656)), ((1101, 1656), (1101, 1657)), ((1101, 1657), (1102, 1650)), ((1102, 1650), (1101, 1647)), ((1101, 1647), (1101, 1647)), ((1101, 1647), (1102, 1648)), ((1102, 1648), (1103, 1648)), ((1103, 1648), (1102, 1650)), ((1102, 1650), (1102, 1649)), ((1102, 1649), (1102, 1649)), ((1102, 1649), (1103, 1645)), ((1103, 1645), (1103, 1644)), ((1103, 1644), (1101, 1640)), ((1101, 1640), (1101, 1639)), ((1101, 1639), (1098, 1643)), ((1098, 1643), (1098, 1643)), ((1098, 1643), (1100, 1631)), ((1100, 1631), (1099, 1625)), ((1099, 1625), (1099, 1624)), ((1099, 1624), (1099, 1616)), ((1099, 1616), (1099, 1614)), ((1099, 1614), (1100, 1616)), ((1100, 1616), (1100, 1614)), ((1100, 1614), (1101, 1616)), ((1101, 1616), (1101, 1615)), ((1101, 1615), (1101, 1620)), ((1101, 1620), (1101, 1620))]"
87,65,2,1.086214985757624,13,10,Motile,"[((1094, 1901), (1094, 1897)), ((1094, 1897), (1094, 1896)), ((1094, 1896), (1094, 1905)), ((1094, 1905), (1094, 1906)), ((1094, 1906), (1094, 1911)), ((1094, 1911), (1093, 1910)), ((1093, 1910), (1094, 1914)), ((1094, 1914), (1094, 1911)), ((1094, 1911), (1093, 1911)), ((1093, 1911), (1094, 1910)), ((1094, 1910), (1093, 1908)), ((1093, 1908), (1094, 1908)), ((1094, 1908), (1093, 1904)), ((1093, 1904), (1093, 1906)), ((1093, 1906), (1093, 1906)), ((1093, 1906), (1092, 1894)), ((1092, 1894), (1092, 1893)), ((1092, 1893), (1092, 1894)), ((1092, 1894), (1092, 1893)), ((1092, 1893), (1092, 1893)), ((1092, 1893), (1092, 1894)), ((1092, 1894), (1092, 1893)), ((1092, 1893), (1091, 1902)), ((1091, 1902), (1091, 1903))]"
95,60,36,1.0035305000610915,25,8,Motile,"[((1083, 1431), (1083, 1432)), ((1083, 1432), (1083, 1431)), ((1083, 1431), (1083, 1433)), ((1083, 1433), (1083, 1434)), ((1083, 1434), (1083, 1434)), ((1083, 1434), (1083, 1432)), ((1083, 1432), (1083, 1433)), ((1083, 1433), (1083, 1433)), ((1083, 1433), (1083, 1431)), ((1083, 1431), (1082, 1430)), ((1082, 1430), (1082, 1429)), ((1082, 1429), (1083, 1429)), ((1083, 1429), (1084, 1429)), ((1084, 1429), (1084, 1429)), ((1084, 1429), (1084, 1425)), ((1084, 1425), (1086, 1424)), ((1086, 1424), (1086, 1424)), ((1086, 1424), (1084, 1425)), ((1084, 1425), (1085, 1424)), ((1085, 1424), (1085, 1423)), ((1085, 1423), (1085, 1423)), ((1085, 1423), (1085, 1421)), ((1085, 1421), (1085, 1420)), ((1085, 1420), (1086, 1418)), ((1086, 1418), (1086, 1420)), ((1086, 1420), (1086, 1419)), ((1086, 1419), (1087, 1415)), ((1087, 1415), (1088, 1414)), ((1088, 1414), (1085, 1407)), ((1085, 1407), (1084, 1406)), ((1084, 1406), (1085, 1407)), ((1085, 1407), (1085, 1406)), ((1085, 1406), (1085, 1404)), ((1085, 1404), (1085, 1403)), ((1085, 1403), (1084, 1397)), ((1084, 1397), (1085, 1396)), ((1085, 1396), (1085, 1395))]"
97,58,37,0.9703216703190828,12,5,Motile,"[((1101, 1708), (1100, 1702)), ((1100, 1702), (1100, 1700)), ((1100, 1700), (1101, 1701)), ((1101, 1701), (1101, 1701)), ((1101, 1701), (1101, 1700)), ((1101, 1700), (1100, 1687)), ((1100, 1687), (1100, 1687)), ((1100, 1687), (1100, 1691)), ((1100, 1691), (1101, 1687)), ((1101, 1687), (1101, 1686)), ((1101, 1686), (1100, 1687)), ((1100, 1687), (1102, 1685)), ((1102, 1685), (1102, 1684)), ((1102, 1684), (1102, 1687)), ((1102, 1687), (1103, 1686)), ((1103, 1686), (1101, 1684)), ((1101, 1684), (1103, 1679)), ((1103, 1679), (1103, 1671))]"
98,57,35,0.9581520585703435,29,7,Motile,"[((1083, 1431), (1083, 1432)), ((1083, 1432), (1083, 1433)), ((1083, 1433), (1083, 1433)), ((1083, 1433), (1083, 1433)), ((1083, 1433), (1083, 1432)), ((1083, 1432), (1083, 1431)), ((1083, 1431), (1083, 1432)), ((1083, 1432), (1083, 1431)), ((1083, 1431), (1083, 1430)), ((1083, 1430), (1082, 1430)), ((1082, 1430), (1082, 1428)), ((1082, 1428), (1083, 1429)), ((1083, 1429), (1084, 1429)), ((1084, 1429), (1082, 1428)), ((1082, 1428), (1082, 1428)), ((1082, 1428), (1085, 1425)), ((1085, 1425), (1086, 1424)), ((1086, 1424), (1085, 1427)), ((1085, 1427), (1085, 1427)), ((1085, 1427), (1085, 1426)), ((1085, 1426), (1085, 1425)), ((1085, 1425), (1085, 1424)), ((1085, 1424), (1085, 1423)), ((1085, 1423), (1085, 1421)), ((1085, 1421), (1085, 1420)), ((1085, 1420), (1086, 1418)), ((1086, 1418), (1086, 1418)), ((1086, 1418), (1086, 1416)), ((1086, 1416), (1086, 1415)), ((1086, 1415), (1086, 1414)), ((1086, 1414), (1086, 1406)), ((1086, 1406), (1084, 1406)), ((1084, 1406), (1085, 1406)), ((1085, 1406), (1085, 1406)), ((1085, 1406), (1085, 1403)), ((1085, 1403), (1085, 1403)), ((1085, 1403), (1085, 1402)), ((1085, 1402), (1084, 1397)), ((1084, 1397), (1085, 1397)), ((1085, 1397), (1085, 1396))]"
99,36,17,0.6157599748267482,4,10,Motile,"[((1100, 1636), (1099, 1637)), ((1099, 1637), (1099, 1643)), ((1099, 1643), (1099, 1644)), ((1099, 1644), (1096, 1644)), ((1096, 1644), (1096, 1644)), ((1096, 1644), (1101, 1646)), ((1101, 1646), (1102, 1646)), ((1102, 1646), (1100, 1644)), ((1100, 1644), (1100, 1644)), ((1100, 1644), (1101, 1650)), ((1101, 1650), (1101, 1653)), ((1101, 1653), (1101, 1654)), ((1101, 1654), (1102, 1653)), ((1102, 1653), (1102, 1653)), ((1102, 1653), (1102, 1653)), ((1102, 1653), (1099, 1653)), ((1099, 1653), (1100, 1653))]"
100,24,11,0.41491691673107484,13,5,Motile,"[((1099, 1692), (1099, 1693)), ((1099, 1693), (1100, 1694)), ((1100, 1694), (1100, 1694)), ((1100, 1694), (1098, 1692)), ((1098, 1692), (1099, 1691)), ((1099, 1691), (1099, 1691)), ((1099, 1691), (1099, 1691)), ((1099, 1691), (1099, 1691)), ((1099, 1691), (1099, 1690)), ((1099, 1690), (1101, 1686)), ((1101, 1686), (1100, 1685)), ((1100, 1685), (1101, 1684)), ((1101, 1684), (1101, 1683)), ((1101, 1683), (1101, 1684)), ((1101, 1684), (1100, 1683)), ((1100, 1683), (1101, 1682)), ((1101, 1682), (1100, 1683)), ((1100, 1683), (1100, 1682)), ((1100, 1682), (1099, 1684)), ((1099, 1684), (1099, 1683)), ((1099, 1683), (1100, 1681)), ((1100, 1681), (1100, 1681))]"
116,55,148,0.9255188145691545,4,0,Motile,"[((1154, 279), (1154, 276)), ((1154, 276), (1154, 231)), ((1154, 231), (1154, 227)), ((1165, 134), (1166, 130))]"
136,96,73,1.6165130367415388,15,7,Motile,"[((1099, 1739), (1098, 1734)), ((1098, 1734), (1099, 1731)), ((1099, 1731), (1099, 1728)), ((1099, 1728), (1099, 1729)), ((1099, 1729), (1100, 1730)), ((1100, 1730), (1100, 1728)), ((1100, 1728), (1099, 1720)), ((1099, 1720), (1100, 1721)), ((1100, 1721), (1100, 1723)), ((1100, 1723), (1100, 1727)), ((1100, 1727), (1100, 1726)), ((1100, 1726), (1100, 1691)), ((1100, 1691), (1100, 1691)), ((1100, 1691), (1100, 1689)), ((1100, 1689), (1099, 1690)), ((1099, 1690), (1100, 1691)), ((1100, 1691), (1101, 1689)), ((1101, 1689), (1102, 1687)), ((1102, 1687), (1102, 1686)), ((1102, 1686), (1104, 1671)), ((1104, 1671), (1104, 1670)), ((1104, 1670), (1102, 1668)), ((1102, 1668), (1102, 1666))]"
137,80,24,1.341460695567019,25,10,Motile,"[((1165, 145), (1165, 145)), ((1165, 145), (1165, 145)), ((1165, 145), (1167, 151)), ((1167, 151), (1166, 148)), ((1166, 148), (1166, 145)), ((1166, 145), (1166, 145)), ((1166, 145), (1165, 143)), ((1165, 143), (1164, 143)), ((1164, 143), (1165, 143)), ((1165, 143), (1166, 141)), ((1166, 141), (1167, 139)), ((1167, 139), (1166, 139)), ((1166, 139), (1166, 137)), ((1166, 137), (1165, 138)), ((1165, 138), (1165, 137)), ((1165, 137), (1164, 138)), ((1164, 138), (1164, 135)), ((1164, 135), (1163, 138)), ((1163, 138), (1161, 134)), ((1161, 134), (1161, 134)), ((1161, 134), (1161, 129)), ((1161, 129), (1162, 123)), ((1162, 123), (1162, 129)), ((1162, 129), (1162, 132)), ((1162, 132), (1162, 133)), ((1162, 133), (1162, 132)), ((1162, 132), (1161, 131)), ((1161, 131), (1161, 130)), ((1161, 130), (1164, 128)), ((1164, 128), (1164, 128)), ((1164, 128), (1164, 126)), ((1164, 126), (1164, 126)), ((1164, 126), (1165, 128)), ((1165, 128), (1165, 127)), ((1165, 127), (1165, 127)), ((1165, 127), (1164, 124)), ((1164, 124), (1164, 123)), ((1164, 123), (1165, 124)), ((1165, 124), (1166, 123)), ((1166, 123), (1166, 121)), ((1166, 121), (1166, 121)), ((1166, 121), (1166, 122)), ((1166, 122), (1167, 121))]"
138,62,16,1.0441939627897456,9,4,Motile,"[((1159, 211), (1161, 210)), ((1161, 210), (1161, 211)), ((1161, 211), (1161, 210)), ((1161, 210), (1161, 192)), ((1161, 192), (1162, 188)), ((1162, 188), (1159, 185)), ((1159, 185), (1159, 185)), ((1159, 185), (1158, 185)), ((1158, 185), (1158, 184)), ((1158, 184), (1158, 185)), ((1158, 185), (1158, 184)), ((1158, 184), (1158, 176)), ((1158, 176), (1158, 175)), ((1158, 175), (1162, 194)), ((1162, 194), (1163, 195))]"
153,42,27,0.7145083148040476,13,4,Motile,"[((1154, 286), (1153, 285)), ((1153, 285), (1154, 285)), ((1154, 285), (1154, 279)), ((1154, 279), (1154, 280)), ((1154, 280), (1154, 279)), ((1154, 279), (1154, 281)), ((1154, 281), (1153, 283)), ((1153, 283), (1153, 282)), ((1153, 282), (1152, 282)), ((1152, 282), (1152, 282)), ((1152, 282), (1151, 282)), ((1151, 282), (1151, 280)), ((1151, 280), (1151, 275)), ((1151, 275), (1151, 271)), ((1151, 271), (1151, 269)), ((1151, 269), (1151, 268)), ((1151, 268), (1151, 260)), ((1151, 260), (1152, 260)), ((1152, 260), (1152, 259)), ((1152, 259), (1154, 259)), ((1154, 259), (1154, 259))]"
156,37,23,0.6260709172005579,9,3,Motile,"[((1099, 1761), (1095, 1757)), ((1095, 1757), (1098, 1755)), ((1098, 1755), (1099, 1757)), ((1099, 1757), (1099, 1756)), ((1099, 1756), (1099, 1754)), ((1099, 1754), (1100, 1752)), ((1100, 1752), (1100, 1753)), ((1100, 1753), (1100, 1755)), ((1100, 1755), (1100, 1755)), ((1100, 1755), (1099, 1752)), ((1099, 1752), (1099, 1752)), ((1099, 1752), (1098, 1738)), ((1098, 1738), (1098, 1737))]"
171,53,121,0.8836392018290782,7,0,Motile,"[((1100, 1702), (1101, 1702)), ((1101, 1702), (1101, 1701)), ((1101, 1701), (1101, 1698)), ((1101, 1698), (1101, 1697)), ((1101, 1697), (1100, 1695)), ((1100, 1695), (1101, 1693)), ((1101, 1693), (1098, 1653)), ((1098, 1653), (1098, 1650))]"
187,6,5,0.10150283239582457,1,0,Motile,"[((1150, 566), (1149, 560)), ((1149, 560), (1149, 560))]"
189,17,10,0.2884708622101205,2,1,Motile,"[((1150, 566), (1151, 569)), ((1151, 569), (1150, 556)), ((1150, 556), (1151, 555))]"
193,5,5,0.08468564716806984,0,2,Motile,"[((1094, 1820), (1094, 1824)), ((1094, 1824), (1094, 1825))]"
199,3,1,0.06523689270621826,1,1,Motile,"[((1098, 1634), (1098, 1636)), ((1098, 1636), (1099, 1635)), ((1099, 1635), (1100, 1635))]"
203,50,30,0.8339826141431015,5,4,Motile,"[((1099, 1659), (1101, 1662)), ((1101, 1662), (1101, 1663)), ((1101, 1663), (1100, 1644)), ((1100, 1644), (1099, 1647)), ((1099, 1647), (1099, 1647)), ((1099, 1647), (1099, 1632)), ((1099, 1632), (1101, 1631)), ((1101, 1631), (1102, 1629)), ((1102, 1629), (1102, 1630)), ((1102, 1630), (1104, 1630)), ((1104, 1630), (1104, 1628))]"
205,49,23,0.8209491345848237,18,7,Motile,"[((1099, 1709), (1101, 1708)), ((1101, 1708), (1101, 1707)), ((1101, 1707), (1101, 1703)), ((1101, 1703), (1102, 1701)), ((1102, 1701), (1102, 1700)), ((1102, 1700), (1102, 1701)), ((1102, 1701), (1100, 1698)), ((1100, 1698), (1100, 1701)), ((1100, 1701), (1100, 1700)), ((1100, 1700), (1101, 1701)), ((1101, 1701), (1101, 1702)), ((1101, 1702), (1101, 1702)), ((1101, 1702), (1101, 1703)), ((1101, 1703), (1101, 1703)), ((1101, 1703), (1100, 1703)), ((1100, 1703), (1100, 1702)), ((1100, 1702), (1099, 1701)), ((1099, 1701), (1100, 1701)), ((1100, 1701), (1100, 1700)), ((1100, 1700), (1100, 1700)), ((1100, 1700), (1099, 1696)), ((1099, 1696), (1099, 1698)), ((1099, 1698), (1099, 1697)), ((1099, 1697), (1102, 1690)), ((1102, 1690), (1102, 1691)), ((1102, 1691), (1102, 1691)), ((1102, 1691), (1102, 1686)), ((1102, 1686), (1102, 1685))]"
212,32,30,0.5396237114405379,15,0,Motile,"[((1082, 1321), (1082, 1320)), ((1082, 1320), (1083, 1320)), ((1083, 1320), (1083, 1317)), ((1083, 1317), (1084, 1316)), ((1084, 1316), (1083, 1316)), ((1083, 1316), (1084, 1316)), ((1084, 1316), (1086, 1312)), ((1086, 1312), (1086, 1312)), ((1086, 1312), (1085, 1309)), ((1085, 1309), (1085, 1309)), ((1085, 1309), (1084, 1306)), ((1084, 1306), (1084, 1305)), ((1084, 1305), (1084, 1304)), ((1084, 1304), (1085, 1299)), ((1085, 1299), (1085, 1295)), ((1085, 1295), (1085, 1295)), ((1085, 1295), (1085, 1292)), ((1085, 1292), (1085, 1291))]"
213,32,30,0.5467867021646221,15,0,Motile,"[((1082, 1321), (1082, 1320)), ((1082, 1320), (1083, 1320)), ((1083, 1320), (1083, 1317)), ((1083, 1317), (1084, 1316)), ((1084, 1316), (1083, 1316)), ((1083, 1316), (1084, 1316)), ((1084, 1316), (1086, 1312)), ((1086, 1312), (1086, 1312)), ((1086, 1312), (1085, 1309)), ((1085, 1309), (1085, 1309)), ((1085, 1309), (1084, 1306)), ((1084, 1306), (1084, 1305)), ((1084, 1305), (1084, 1304)), ((1084, 1304), (1086, 1299)), ((1086, 1299), (1085, 1295)), ((1085, 1295), (1085, 1294)), ((1085, 1294), (1085, 1293)), ((1085, 1293), (1085, 1291))]"
225,5,81,0.0838707925187165,0,3,Motile,"[((1123, 810), (1122, 811)), ((1122, 811), (1123, 812)), ((1113, 889), (1113, 891))]"
227,41,41,0.6886760011023741,3,0,Motile,"[((1093, 1578), (1092, 1575)), ((1092, 1575), (1088, 1539)), ((1088, 1539), (1088, 1537))]"
248,13,12,0.22018807738031398,0,3,Motile,"[((1169, 103), (1169, 104)), ((1169, 104), (1176, 112)), ((1176, 112), (1177, 113))]"
275,30,29,0.5031820943015117,10,0,Motile,"[((1100, 1683), (1099, 1682)), ((1099, 1682), (1099, 1680)), ((1099, 1680), (1099, 1678)), ((1099, 1678), (1099, 1678)), ((1099, 1678), (1099, 1678)), ((1099, 1678), (1099, 1677)), ((1099, 1677), (1099, 1677)), ((1099, 1677), (1101, 1665)), ((1101, 1665), (1101, 1664)), ((1101, 1664), (1101, 1662)), ((1101, 1662), (1101, 1661)), ((1101, 1661), (1103, 1655)), ((1103, 1655), (1103, 1654))]"
288,0,0,0.011785113019775794,1,0,Not Moving,"[((1084, 2042), (1083, 2041))]"
296,30,19,0.5142337016828481,7,1,Motile,"[((1171, 60), (1171, 58)), ((1171, 58), (1173, 61)), ((1173, 61), (1173, 61)), ((1173, 61), (1169, 55)), ((1169, 55), (1169, 52)), ((1169, 52), (1169, 51)), ((1169, 51), (1178, 42)), ((1178, 42), (1179, 41))]"
317,1,1,0.016666666666666666,1,0,Not Moving,"[((568, 3), (568, 2))]"
318,1,1,0.016666666666666666,1,0,Not Moving,"[((568, 3), (568, 2))]"
334,1,1,0.03041901283227404,0,2,Not Moving,"[((1122, 804), (1122, 804)), ((1122, 804), (1121, 804)), ((1121, 804), (1121, 805))]"
359,37,27,0.6184398837034764,10,3,Motile,"[((1097, 1610), (1098, 1606)), ((1098, 1606), (1098, 1605)), ((1098, 1605), (1098, 1602)), ((1098, 1602), (1098, 1601)), ((1098, 1601), (1098, 1603)), ((1098, 1603), (1098, 1603)), ((1098, 1603), (1098, 1601)), ((1098, 1601), (1098, 1601)), ((1098, 1601), (1098, 1600)), ((1098, 1600), (1097, 1601)), ((1097, 1601), (1097, 1602)), ((1097, 1602), (1097, 1602)), ((1097, 1602), (1098, 1598)), ((1098, 1598), (1098, 1597)), ((1098, 1597), (1098, 1584)), ((1098, 1584), (1098, 1583))]"
363,4,4,0.06666666666666667,1,0,Motile,"[((1146, 539), (1146, 535))]"
365,4,4,0.06666666666666667,1,0,Motile,"[((1146, 539), (1146, 535))]"
387,32,21,0.5425474366670963,8,3,Motile,"[((1096, 1816), (1095, 1815)), ((1095, 1815), (1096, 1816)), ((1096, 1816), (1096, 1816)), ((1096, 1816), (1096, 1809)), ((1096, 1809), (1096, 1812)), ((1096, 1812), (1096, 1811)), ((1096, 1811), (1095, 1808)), ((1095, 1808), (1096, 1808)), ((1096, 1808), (1096, 1807)), ((1096, 1807), (1097, 1796)), ((1097, 1796), (1097, 1794))]"
388,53,35,0.8900197533306865,14,3,Motile,"[((1093, 1884), (1093, 1882)), ((1093, 1882), (1093, 1889)), ((1093, 1889), (1093, 1887)), ((1093, 1887), (1093, 1888)), ((1093, 1888), (1093, 1888)), ((1093, 1888), (1094, 1886)), ((1094, 1886), (1094, 1882)), ((1094, 1882), (1093, 1880)), ((1093, 1880), (1093, 1877)), ((1093, 1877), (1094, 1877)), ((1094, 1877), (1094, 1871)), ((1094, 1871), (1093, 1861)), ((1093, 1861), (1094, 1859)), ((1094, 1859), (1094, 1857)), ((1094, 1857), (1094, 1854)), ((1094, 1854), (1097, 1851)), ((1097, 1851), (1097, 1849))]"
399,17,15,0.2935803882633577,4,1,Motile,"[((1148, 498), (1148, 499)), ((1148, 499), (1148, 492)), ((1148, 492), (1148, 491)), ((1148, 491), (1142, 486)), ((1142, 486), (1141, 485))]"
403,17,15,0.29731550305021165,4,1,Motile,"[((1148, 498), (1148, 499)), ((1148, 499), (1148, 494)), ((1148, 494), (1148, 493)), ((1148, 493), (1141, 486)), ((1141, 486), (1140, 485))]"
410,2,2,0.03333333333333333,1,0,Not Moving,"[((1137, 710), (1137, 708))]"
423,17,4,0.29416418320138715,5,1,Motile,"[((1146, 419), (1146, 416)), ((1146, 416), (1146, 415)), ((1146, 415), (1147, 414)), ((1147, 414), (1147, 408)), ((1147, 408), (1146, 415)), ((1146, 415), (1146, 414))]"
454,1,1,0.025,1,0,Not Moving,"[((1146, 411), (1146, 410))]"
460,3,1,0.050164706981975705,2,1,Motile,"[((1082, 2042), (1082, 2042)), ((1082, 2042), (1081, 2041)), ((1081, 2041), (1082, 2040))]"
473,10,5,0.1688331812956193,3,2,Motile,"[((1166, 89), (1167, 86)), ((1167, 86), (1169, 87)), ((1169, 87), (1169, 88)), ((1169, 88), (1169, 87)), ((1169, 87), (1169, 87)), ((1169, 87), (1168, 83))]"
501,2,2,0.043633899812498246,3,0,Not Moving,"[((1105, 944), (1105, 943)), ((1105, 943), (1105, 942)), ((1105, 942), (1106, 941))]"
512,0,0,0.008333333333333333,0,1,Not Moving,"[((1084, 2035), (1084, 2036))]"
519,2,2,0.041666666666666664,1,0,Not Moving,"[((1115, 851), (1115, 849))]"
523,2,2,0.03333333333333333,1,0,Not Moving,"[((1116, 852), (1116, 850))]"
529,0,0,0.0,0,0,Not Moving,[]
